{
  "project_info": {
    "project_number": "107338097607",
    "firebase_url": "https://myfirstconnectedproject.firebaseio.com",
    "project_id": "myfirstconnectedproject",
    "storage_bucket": "myfirstconnectedproject.appspot.com"
  },
  "client": [
    {
      "client_info": {
        "mobilesdk_app_id": "1:107338097607:android:a9ab7220cebf85ec",
        "android_client_info": {
          "package_name": "com.firebase_connectivity"
        }
      },
      "oauth_client": [
        {
          "client_id": "107338097607-ue1r5ddndgbr1kgj4ll8mubrad1741a1.apps.googleusercontent.com",
          "client_type": 3
        }
      ],
      "api_key": [
        {
          "current_key": "AIzaSyDEHDYTKy-BQPo7VMTVVgjVTjYuulyeNJs"
        }
      ],
      "services": {
        "appinvite_service": {
          "other_platform_oauth_client": [
            {
              "client_id": "107338097607-ue1r5ddndgbr1kgj4ll8mubrad1741a1.apps.googleusercontent.com",
              "client_type": 3
            }
          ]
        }
      }
    }
  ],
  "configuration_version": "1"
}